{
  "g_loss": [
    1.154158637116227,
    1.1820908958398844,
    1.2500936056994185,
    1.3126079523110692,
    1.376158291780496,
    1.402841533286662,
    1.4616460626638388,
    1.5377431240262864,
    1.5504532184781907,
    1.6055007418499718,
    1.6034259554706043,
    1.6124322361583951,
    1.6148121213611168,
    1.6578906517994554,
    1.6236769368376913,
    1.6178287279002275,
    1.596823219257065,
    1.6606690936450716,
    1.635246498675286,
    1.6051216170757632
  ],
  "d_loss": [
    0.4938131751893442,
    0.4588313334727589,
    0.44427309345595445,
    0.4187448041725762,
    0.39734643914654283,
    0.3980257198025909,
    0.36963921379816683,
    0.3404212560080275,
    0.3187230411869816,
    0.3095895464567444,
    0.3166343982838377,
    0.30829642307531985,
    0.30382464646915847,
    0.2915036291638507,
    0.29751855908315394,
    0.2986799265859248,
    0.30261708579108687,
    0.27820879501538187,
    0.288919025725579,
    0.294358630959369
  ],
  "cycle_loss": [
    0.011420372310625036,
    0.014184360757847375,
    0.014045309991563988,
    0.016043477479509915,
    0.016517728926684662,
    0.017945656193349556,
    0.01820015190522882,
    0.017842980266749103,
    0.0158469026902384,
    0.017517464152902743,
    0.020777117826421804,
    0.019428998585554618,
    0.021342312386613105,
    0.022219017106756757,
    0.02180027993560969,
    0.020452970762654572,
    0.021494309152653324,
    0.019439749667255937,
    0.019722435422996176,
    0.019520358111756512
  ],
  "id_loss": [],
  "val_cycle_loss": [
    0.0044445908891084865,
    0.0027278859369565932,
    0.003048046164542109,
    0.005665433688614613
  ],
  "val_lpips_dig2film": [
    0.0475209500955444,
    0.16397531241388388,
    0.12293010010895594,
    0.2737864223374447
  ],
  "val_lpips_film2dig": [
    0.06793809524724181,
    0.08994490520792528,
    0.07685726835116954,
    0.16931814956150845
  ],
  "val_lpips_cycle_dig": [
    0.06538346530476087,
    0.04151581972837448,
    0.0634919825390401,
    0.14375062297347566
  ],
  "val_lpips_cycle_film": [
    0.04794341218198689,
    0.06471366713374434,
    0.038748517068444004,
    0.11388418797246168
  ]
}