{
  "g_loss": [
    1.041155086665214,
    1.2170465943179554,
    1.1837327917919884,
    1.2519446641583987,
    1.1901081234593935
  ],
  "d_loss": [
    0.49753061276447924,
    0.41539012782181367,
    0.426091895073275,
    0.3940012535151047,
    0.40734094720852526
  ],
  "cycle_loss": [
    0.0015240156594067045,
    0.008548395311801777,
    0.011270963321616756,
    0.01320778433516433,
    0.01700927278828583
  ],
  "id_loss": [],
  "val_cycle_loss": [
    0.0033297382018805206
  ]
}